dominio,ip,Ip-reverso
guiaimoveisbrasilia.com,201.16.246.176,201.16.246.18
imoveisgoianiago.com,201.16.246.176,201.16.246.18
imoveisemanapolis.com,201.16.246.176,201.16.246.18
imoveisjatai.com,201.16.246.176,201.16.246.18
imoveisvalparaisodegoias.com,201.16.246.176,201.16.246.18
imoveisaguaslindasdegoias.com,201.16.246.176,201.16.246.18
imoveisluziania.com,201.16.246.176,201.16.246.18
imoveisrioverde.com,201.16.246.176,201.16.246.18
imoveisaparecidadegoiania.com,201.16.246.176,201.16.246.18
imoveisemcuiaba.com,201.16.246.176,201.16.246.18
imoveisvarzeagrande.com,201.16.246.176,201.16.246.18
IMOVEISRONDONOPOLIS.COM,201.16.246.176,201.16.246.18
GUIAIMOVEISCAMPOGRANDE.COM,201.16.246.176,201.16.246.18
imoveisdourados.com,201.16.246.176,201.16.246.18
imoveiscorumba.com,201.16.246.176,201.16.246.18
IMOVEISCIDREIRA.COM,201.16.246.176,201.16.246.18
imoveispassofundo.com,201.16.246.176,201.16.246.18
imoveisemcaxiasdosul.com,201.16.246.176,201.16.246.18
guiaimoveisportoalegre.com,201.16.246.176,201.16.246.18
IMOVEISBALNEARIOPINHAL.COM,201.16.246.176,201.16.246.18
IMOVEISTORRES.COM,201.16.246.176,201.16.246.18
imoveisriogrande.com,201.16.246.176,201.16.246.18
imoveisarroiodosal.com,201.16.246.176,201.16.246.18
imoveisviamao.com,201.16.246.176,201.16.246.18
ImoveisEmNovaPetropolis.com,201.16.246.176,201.16.246.18
imoveisuruguaiana.com,201.16.246.176,201.16.246.18
IMOVEISIMBE.COM,201.16.246.176,201.16.246.18
IMOVEISTRAMANDAI.COM,201.16.246.176,201.16.246.18
imoveiserechim.com,201.16.246.176,201.16.246.18
imoveispelotas.com,201.16.246.176,201.16.246.18
IMOVEISSANTACRUZDOSUL.COM,201.16.246.176,201.16.246.18
imoveisnovohamburgo.com,201.16.246.176,201.16.246.18
imoveissantamaria.com,201.16.246.176,201.16.246.18
imoveisgravatai.com,201.16.246.176,201.16.246.18
imoveissaoleopoldo.com,201.16.246.176,201.16.246.18
imoveisalvorada.com,201.16.246.176,201.16.246.18
imoveiscanoas.com,201.16.246.176,201.16.246.18
imoveislages.com,201.16.246.176,201.16.246.18
imoveisbarradosul.com,201.16.246.176,201.16.246.18
imoveisjoinvillesc.com,201.16.246.176,201.16.246.18
imoveissaofranciscodosul.com,201.16.246.176,201.16.246.18
IMOVEISEMCHAPECO.COM,201.16.246.176,201.16.246.18
IMOVEISPENHASC.COM,201.16.246.176,201.16.246.18
imoveispalhoca.com,201.16.246.176,201.16.246.18
imoveistubarao.com,201.16.246.176,201.16.246.18
imoveisjaraguadosul.com,201.16.246.176,201.16.246.18
guiaimoveissaojose.com,201.16.246.176,201.16.246.18
imoveisbrusque.com,201.16.246.176,201.16.246.18
imoveisportobelo.com,201.16.246.176,201.16.246.18
IMOVEISEMIMBITUBA.COM,201.16.246.176,201.16.246.18
imoveisgaropaba.com.br,201.16.246.176,201.16.246.18
imoveisbarravelha.com,201.16.246.176,201.16.246.18
IMOVEISNOBALNEARIOCAMBORIU.COM,201.16.246.176,201.16.246.18
IMOVEISITAJAISC.COM,201.16.246.176,201.16.246.18
imoveiscamboriusc.com,201.16.246.176,201.16.246.18
IMOVEISBALNEARIOPICARRAS.COM,201.16.246.176,201.16.246.18
imoveisnavegantes.com,201.16.246.176,201.16.246.18
imoveisblumenausc.com,201.16.246.176,201.16.246.18
IMOVEISCRICIUMA.COM,201.16.246.176,201.16.246.18
GUIAIMOVEISBOMBINHAS.COM,201.16.246.176,201.16.246.18
IMOVEISTIJUCAS.COM,201.16.246.176,201.16.246.18
imoveislaguna.com,201.16.246.176,201.16.246.18
IMOVEISMEDIANEIRA.COM,201.16.246.176,201.16.246.18
IMOVEISCANDIDORONDON.COM,201.16.246.176,201.16.246.18
imoveiscornelioprocopio.com,201.16.246.176,201.16.246.18
IMOVEISJACAREZINHO.COM,201.16.246.176,201.16.246.18
IMOVEISUMUARAMA.COM,201.16.246.176,201.16.246.18
ILONDRINA.COM,201.16.246.176,201.16.246.18
IMOVEISPARANAVAI.COM,201.16.246.176,201.16.246.18
IMOVEISAPUCARANA.COM,201.16.246.176,201.16.246.18
IMOVEISSARANDI.COM,201.16.246.176,201.16.246.18
IMOVEISCAMBE.COM,201.16.246.176,201.16.246.18
IMOVEISROLANDIA.COM,201.16.246.176,201.16.246.18
IMOVEISARAPONGAS.COM,201.16.246.176,201.16.246.18
IMARINGA.COM,201.16.246.176,201.16.246.18
IMOVEISPRUDENTOPOLIS.COM,201.16.246.176,201.16.246.18
IMOVEISPONTALDOPARANA.COM,201.16.246.176,201.16.246.18
IMOVEISCIANORTE.COM,201.16.246.176,201.16.246.18
IMOVEISCAMPOMOURAO.COM,201.16.246.176,201.16.246.18
IMOVEISFRANCISCOBELTRAO.COM,201.16.246.176,201.16.246.18
IMOVEISGUARAPUAVA.COM,201.16.246.176,201.16.246.18
IMOVEISDOISVIZINHOS.COM,201.16.246.176,201.16.246.18
IMOVEISPATOBRANCO.COM,201.16.246.176,201.16.246.18
IMOVEISTELEMACOBORBA.COM,201.16.246.176,201.16.246.18
icascavel.com,201.16.246.176,201.16.246.18
IMOVEISTOLEDO.COM,201.16.246.176,201.16.246.18
IMOVEISFOZDOIGUACU.COM,201.16.246.176,201.16.246.18
imoveislapa.com,201.16.246.176,201.16.246.18
IMOVEISRIOBRANCODOSUL.COM,201.16.246.176,201.16.246.18
IMOVEISPARANAGUA.COM,201.16.246.176,201.16.246.18
imoveiscontenda.com,201.16.246.176,201.16.246.18
IMOVEISIRATI.COM,201.16.246.176,201.16.246.18
imoveisararaquara.com,201.16.246.176,201.16.246.18
imoveisindaiatuba.com,201.16.246.176,201.16.246.18
guiaimoveiscampinas.com,201.16.246.176,201.16.246.18
imoveissumare.com,201.16.246.176,201.16.246.18
imoveisrioclaro.com,201.16.246.176,201.16.246.18
imoveisbragancapaulista.com,201.16.246.176,201.16.246.18
IMOVEISFRANCASP.COM,201.16.246.176,201.16.246.18
imoveiscaraguatatuba.com,201.16.246.176,201.16.246.18
IMOVEISPERUIBESP.COM,201.16.246.176,201.16.246.18
IMOVEISAMERICANA.COM,201.16.246.176,201.16.246.18
imoveisempiracicaba.com,201.16.246.176,201.16.246.18
IMOVEISHORTOLANDIA.COM,201.16.246.176,201.16.246.18
imoveisaracatuba.com,201.16.246.176,201.16.246.18
IMOVEISMOGIDASCRUZESSP.COM,201.16.246.176,201.16.246.18
imoveissantoandre.com,201.16.246.176,201.16.246.18
imoveistremembe.com,201.16.246.176,201.16.246.18
GUIAIMOVEISSANTOS.COM,201.16.246.176,201.16.246.18
IMOVEISSANTABARBARADOOESTE.COM,201.16.246.176,201.16.246.18
imoveisferrazdevasconcelos.com,201.16.246.176,201.16.246.18
IMOVEISEMMARILIA.COM,201.16.246.176,201.16.246.18
imoveissaocarlos.com,201.16.246.176,201.16.246.18
imoveisdiadema.com,201.16.246.176,201.16.246.18
imoveisitu.com,201.16.246.176,201.16.246.18
GUIAIMOVEISSAOPAULO.COM,201.16.246.176,201.16.246.18
imoveisribeiraopretosp.com,201.16.246.176,201.16.246.18
imoveissaojosedoriopreto.com,201.16.246.176,201.16.246.18
IMOVEISITAPEVI.COM,201.16.246.176,201.16.246.18
IMOVEISLIMEIRASP.COM,201.16.246.176,201.16.246.18
ImoveisPindamonhangaba.com,201.16.246.176,201.16.246.18
imoveissantanadeparnaiba.com,201.16.246.176,201.16.246.18
IMOVEISBAURUSP.COM,201.16.246.176,201.16.246.18
imoveisvotorantim.com,201.16.246.176,201.16.246.18
IMOVEISBERTIOGASP.COM,201.16.246.176,201.16.246.18
imoveiscotia.com,201.16.246.176,201.16.246.18
imoveisvinhedosp.com,201.16.246.176,201.16.246.18
imoveisitapetininga.com,201.16.246.176,201.16.246.18
imoveispresidenteprudente.com,201.16.246.176,201.16.246.18
IMOVEISBARUERI.COM,201.16.246.176,201.16.246.18
GUIAIMOVEISMONGAGUA.COM,201.16.246.176,201.16.246.18
imoveisfranciscomorato.com,201.16.246.176,201.16.246.18
imoveisosasco.com,201.16.246.176,201.16.246.18
IMOVEISILHABELASP.COM,201.16.246.176,201.16.246.18
imoveissaosebastiao.com,201.16.246.176,201.16.246.18
IMOVEISUBATUBASP.COM,201.16.246.176,201.16.246.18
imoveisguarulhossp.com,201.16.246.176,201.16.246.18
imoveissuzano.com,201.16.246.176,201.16.246.18
imoveisitaquaquecetuba.com,201.16.246.176,201.16.246.18
guiaimoveispraiagrande.com,201.16.246.176,201.16.246.18
IMOVEISSAOVICENTE.COM,201.16.246.176,201.16.246.18
IGUARUJA.COM,201.16.246.176,201.16.246.18
imoveisitapecericadaserra.com,201.16.246.176,201.16.246.18
imoveiscarapicuiba.com,201.16.246.176,201.16.246.18
IMOVEISEMEMBU.COM,201.16.246.176,201.16.246.18
imoveissaobernardodocampo.com,201.16.246.176,201.16.246.18
imoveissaocaetanodosul.com,201.16.246.176,201.16.246.18
imoveistaboaodaserra.com,201.16.246.176,201.16.246.18
imoveismaua.com,201.16.246.176,201.16.246.18
imoveiscamposdojordaosp.com,201.16.246.176,201.16.246.18
IMOVEISTAUBATE.COM,201.16.246.176,201.16.246.18
IMOVEISJACAREI.COM,201.16.246.176,201.16.246.18
imoveissaojosedoscampossp.com,201.16.246.176,201.16.246.18
imoveisatibaiasp.com,201.16.246.176,201.16.246.18
imoveissorocabasp.com,201.16.246.176,201.16.246.18
IMOVEISJUNDIAISP.COM,201.16.246.176,201.16.246.18
imoveisitatiba.com,201.16.246.176,201.16.246.18
imoveisnovafriburgo.com.br,201.16.246.176,201.16.246.18
imoveisbarramansa.com,201.16.246.176,201.16.246.18
IMOVEISARMACAODOSBUZIOS.COM,201.16.246.176,201.16.246.18
imoveisvoltaredonda.com,201.16.246.176,201.16.246.18
imoveisararuama.com.br,201.16.246.176,201.16.246.18
imoveisitaborai.com,201.16.246.176,201.16.246.18
imoveiscamposdosgoytacazes.com,201.16.246.176,201.16.246.18
IMOVEISSAOJOAODEMERITI.COM,201.16.246.176,201.16.246.18
IMOVEISNOVAIGUACU.COM,201.16.246.176,201.16.246.18
IMOVEISEMSAQUAREMA.COM,201.16.246.176,201.16.246.18
imoveisNilopolis.com,201.16.246.176,201.16.246.18
IMOVEISMAGE.COM,201.16.246.176,201.16.246.18
imoveisriodejaneirorj.com,201.16.246.176,201.16.246.18
imoveisniteroirj.com,201.16.246.176,201.16.246.18
IMOVEISSAOGONCALO.COM,201.16.246.176,201.16.246.18
IMOVEISCABOFRIORJ.COM,201.16.246.176,201.16.246.18
imoveisemarraialdocabo.com,201.16.246.176,201.16.246.18
imoveismesquita.com,201.16.246.176,201.16.246.18
imoveisriodasostras.com,201.16.246.176,201.16.246.18
IMOVEISMACAERJ.COM,201.16.246.176,201.16.246.18
IMOVEISANGRADOSREIS.COM,201.16.246.176,201.16.246.18
IMOVEISPETROPOLIS.COM,201.16.246.176,201.16.246.18
imoveisteresopolis.com,201.16.246.176,201.16.246.18
IMOVEISDUQUEDECAXIAS.COM,201.16.246.176,201.16.246.18
IMOVEISBELFORDROXO.COM,201.16.246.176,201.16.246.18
imoveiscariacica.com,201.16.246.176,201.16.246.18
imoveiscolatina.com,201.16.246.176,201.16.246.18
IMOVEISCACHOEIRODEITAPEMIRIM.COM,201.16.246.176,201.16.246.18
imoveisvitoria.com.br,201.16.246.176,201.16.246.18
imoveisserra.com,201.16.246.176,201.16.246.18
IMOVEISVILAVELHA.COM,201.16.246.176,201.16.246.18
IMOVEISPIUMA.COM,201.16.246.176,201.16.246.18
imoveisgovernadorvaladares.com,201.16.246.176,201.16.246.18
IMOVEISDIVINOPOLIS.COM,201.16.246.176,201.16.246.18
imoveisuberaba.com,201.16.246.176,201.16.246.18
imoveisuberlandia.com,201.16.246.176,201.16.246.18
imoveisemipatinga.com,201.16.246.176,201.16.246.18
imoveisribeiraodasneves.com,201.16.246.176,201.16.246.18
imoveissantaluzia.com,201.16.246.176,201.16.246.18
imoveismontesclaros.com,201.16.246.176,201.16.246.18
imoveisibirite.com,201.16.246.176,201.16.246.18
imoveisbelohorizontemg.com,201.16.246.176,201.16.246.18
imoveiscontagem.com,201.16.246.176,201.16.246.18
imoveisbetim.com,201.16.246.176,201.16.246.18
IMOVEISJUIZDEFORA.COM,201.16.246.176,201.16.246.18
IMOVEISPOCOSDECALDAS.COM,201.16.246.176,201.16.246.18
IMOVEISEMSETELAGOAS.COM,201.16.246.176,201.16.246.18
imoveissalvadorba.com,201.16.246.176,201.16.246.18
imoveisilheus.com,201.16.246.176,201.16.246.18
imoveisfeiradesantana.com,201.16.246.176,201.16.246.18
imoveiscamacari.com,201.16.246.176,201.16.246.18
imoveisjuazeiro.com,201.16.246.176,201.16.246.18
imoveislaurodefreitas.com,201.16.246.176,201.16.246.18
imoveisvitoriadaconquista.com,201.16.246.176,201.16.246.18
imoveisjequie.com,201.16.246.176,201.16.246.18
imoveisitabuna.com,201.16.246.176,201.16.246.18
imoveisnossasenhoradosocorro.com,201.16.246.176,201.16.246.18
imoveisaracajuse.com,201.16.246.176,201.16.246.18
IMOVEISARAPIRACA.COM,201.16.246.176,201.16.246.18
guiaimoveismaceio.com,201.16.246.176,201.16.246.18
imoveispetrolina.com,201.16.246.176,201.16.246.18
IMOVEISCARUARU.COM,201.16.246.176,201.16.246.18
imoveisolinda.com,201.16.246.176,201.16.246.18
imoveispaulista.com,201.16.246.176,201.16.246.18
imoveisrecifepe.com,201.16.246.176,201.16.246.18
imoveisCabodeSantoAgostinho.com,201.16.246.176,201.16.246.18
imoveisCamaragibe.com,201.16.246.176,201.16.246.18
IMOVEISJABOATAODOSGUARARAPES.COM,201.16.246.176,201.16.246.18
imoveiscabedelo.com,201.16.246.176,201.16.246.18
